{
  "Earth": {
    "x": 0,
    "y": 0,
    "z": 0
  },
  "55 Cnc b": {
    "x": -7.576013248701932,
    "y": 8.082650470765472,
    "z": 5.972402772161929
  }
}